name,title
John Belushi,tt0078723
John Belushi,tt0077975
John Belushi,tt0080455
John Belushi,tt0072562
Dan Aykroyd,tt0087332
Dan Aykroyd,tt0097428
Dan Aykroyd,tt0080455
Dan Aykroyd,tt0118747
Bill Murray,tt0335266
Bill Murray,tt0097132
Bill Murray,tt0499556
Bill Murray,tt3603706
Bill Murray,tt1538443
Bill Murray,tt0457251
Bill Murray,tt2147467
Bill Murray,tt13998382
Bill Murray,tt0351810
Bill Murray,tt1687207
Bill Murray,tt0115367
Bill Murray,tt14779558
Bill Murray,tt0122145
Bill Murray,tt1972582
Bill Murray,tt6384192
Bill Murray,tt0448004
Bill Murray,tt1837678
Bill Murray,tt1740656
Bill Murray,tt2282941
Bill Murray,tt2243836
Bill Murray,tt1810727
Bill Murray,tt0281438
Bill Murray,tt3503754
Bill Murray,tt2357748
Bill Murray,tt3231836
Bill Murray,tt0072562
Bill Murray,tt1210095
Bill Murray,tt4742812
Bill Murray,tt3147486
Bill Murray,tt1748122
Bill Murray,tt16589596
Bill Murray,tt2202391
Bill Murray,tt0961721
Bill Murray,tt0362270
Bill Murray,tt0128445
Bill Murray,tt12762460
Bill Murray,tt2784678
Bill Murray,tt5774598
Bill Murray,tt0288154
Bill Murray,tt3872944
Bill Murray,tt0189500
Bill Murray,tt1490534
Bill Murray,tt2828570
Bill Murray,tt1732762
Bill Murray,tt5156614
Bill Murray,tt3790306
Bill Murray,tt1884251
Bill Murray,tt1600694
Bill Murray,tt1911645
Bill Murray,tt2356940
Bill Murray,tt3091734
Bill Murray,tt2450652
Bill Murray,tt4571940
Mike Myers,tt5442834
Mike Myers,tt0811138
Mike Myers,tt1302137
Mike Myers,tt0145660
Mike Myers,tt0115279
Mike Myers,tt2916548
Mike Myers,tt6137590
Mike Myers,tt1045847
Mike Myers,tt3109150
Mike Myers,tt1362049
Mike Myers,tt0096563
Mike Myers,tt6168110
Mike Myers,tt4670472
Mike Myers,tt1817273
Mike Myers,tt2642912
Mike Myers,tt1020929
Mike Myers,tt2140691
Mike Myers,tt15714650
Mike Myers,tt5657856
Mike Myers,tt1219289
Mike Myers,tt0299712
Mike Myers,tt2004334
Mike Myers,tt0460843
Mike Myers,tt6133466
Mike Myers,tt1708468
Mike Myers,tt0079945
Mike Myers,tt14855722
Mike Myers,tt0118655
Mike Myers,tt1984991
Mike Myers,tt4497152
Mike Myers,tt4853866
Mike Myers,\N
Mike Myers,tt3185956
Mike Myers,tt0295178
Mike Myers,tt0476931
Chevy Chase,tt0092086
Chevy Chase,tt0085995
Chevy Chase,tt0080487
Chevy Chase,tt0097958
Billy Crystal,tt0122933
Billy Crystal,tt0101587
Billy Crystal,tt0098635
Billy Crystal,tt0113097
Joan Cusack,tt1659337
Joan Cusack,tt0119360
Joan Cusack,tt0096463
Joan Cusack,tt0119229
Robert Downey Jr.,tt0988045
Robert Downey Jr.,tt4154796
Robert Downey Jr.,tt1300854
Robert Downey Jr.,tt0371746
Chris Farley,tt0115697
Chris Farley,tt2328612
Chris Farley,tt0114694
Chris Farley,tt0118708
Chris Farley,tt16589596
Chris Farley,tt0106598
Chris Farley,tt1972591
Chris Farley,tt4853866
Chris Farley,\N
Chris Farley,tt14779558
Chris Farley,tt2275913
Chris Farley,tt0142235
Chris Farley,tt6329792
Chris Farley,tt7396544
Janeane Garofalo,tt0132347
Janeane Garofalo,tt0243655
Janeane Garofalo,tt0117979
Janeane Garofalo,tt0382932
Julia Louis-Dreyfus,tt2390361
Julia Louis-Dreyfus,tt0098904
Julia Louis-Dreyfus,tt0462128
Julia Louis-Dreyfus,tt1759761
Eddie Murphy,tt0126029
Eddie Murphy,tt0117218
Eddie Murphy,tt2527336
Eddie Murphy,tt0094898
Eddie Murphy,tt0492509
Eddie Murphy,tt0294941
Eddie Murphy,tt0830515
Eddie Murphy,tt0443489
Eddie Murphy,tt2802144
Eddie Murphy,tt15714650
Eddie Murphy,tt10539608
Jim Belushi,tt0097637
Jim Belushi,tt0117468
Jim Belushi,tt0072562
Jim Belushi,tt0095963
Dana Carvey,tt0105793
Dana Carvey,tt0295427
Dana Carvey,tt0108525
Dana Carvey,tt0072562
Adam Sandler,tt12116598
Adam Sandler,tt13689618
Adam Sandler,tt0068120
Adam Sandler,tt0120888
Adam Sandler,tt0142342
Adam Sandler,tt10428498
Adam Sandler,tt0120484
Adam Sandler,tt0185431
Christopher Guest,tt1822842
Christopher Guest,tt3384430
Christopher Guest,tt0088258
Christopher Guest,tt10538562
Christopher Guest,tt0310281
Christopher Guest,tt0218839
Christopher Guest,tt16589596
Christopher Guest,tt12716280
Christopher Guest,tt4334642
Christopher Guest,tt8022434
Christopher Guest,tt0118111
Christopher Guest,tt14779558
Christopher Guest,tt0040053
Christopher Guest,tt1024855
Anthony Michael Hall,tt4758646
Anthony Michael Hall,tt0468569
Anthony Michael Hall,tt2361317
Anthony Michael Hall,tt1100089
Jon Lovitz,tt0147612
Jon Lovitz,tt0437863
Jon Lovitz,tt0107659
Jon Lovitz,tt0104694
Jay Mohr,tt0120241
Jay Mohr,tt0180052
Jay Mohr,tt0116695
Jay Mohr,tt0139239
Randy Quaid,tt0116629
Randy Quaid,tt0116778
Randy Quaid,tt0097958
Randy Quaid,tt0388795
Chris Rock,tt0142646
Chris Rock,tt0317705
Chris Rock,tt0198781
Chris Rock,tt3644198
Chris Rock,tt0174392
Chris Rock,tt0286159
Chris Rock,tt5346900
Chris Rock,tt2357748
Chris Rock,tt0434026
Chris Rock,tt0398165
Chris Rock,tt0325537
Chris Rock,tt2784678
Chris Rock,tt1556078
Chris Rock,tt9372772
Chris Rock,tt0351283
Chris Rock,tt8106790
Chris Rock,\N
Chris Rock,tt0284126
Chris Rock,tt0382992
Rob Schneider,tt2642912
Rob Schneider,tt0205000
Rob Schneider,tt11239422
Rob Schneider,tt4829936
Rob Schneider,tt4432798
Rob Schneider,tt0302640
Rob Schneider,tt0367652
Rob Schneider,tt0255798
Rob Schneider,tt8280446
Rob Schneider,tt1039621
Martin Short,tt1791528
Martin Short,tt1715425
Martin Short,tt0093260
Martin Short,tt0092086
Martin Short,tt0079687
Martin Short,tt1791798
Martin Short,tt5747320
Martin Short,tt0938980
Martin Short,tt12800308
Martin Short,tt3558296
Martin Short,tt0452681
Martin Short,tt1297329
Martin Short,tt0968732
Martin Short,tt0775402
Ben Stiller,tt0942385
Ben Stiller,tt0359950
Ben Stiller,tt1608290
Ben Stiller,tt0196229
Damon Wayans,tt0273855
Damon Wayans,tt0104897
Damon Wayans,tt0102266
Damon Wayans,tt0110443
Christine Ebersole,tt0086879
Christine Ebersole,tt0115697
Christine Ebersole,tt0993846
Christine Ebersole,tt0110989
Will Ferrell,tt1229340
Will Ferrell,tt0415306
Will Ferrell,tt11462908
Will Ferrell,tt0445934
Will Ferrell,tt0061296
Will Ferrell,tt5779664
Will Ferrell,tt0357413
Will Ferrell,tt0062994
Will Ferrell,tt0061240
Will Ferrell,tt0058797
Jane Curtin,tt0086742
Jane Curtin,tt1155056
Jane Curtin,tt0115082
Jane Curtin,tt0106598
Nora Dunn,tt0405336
Nora Dunn,tt0910936
Nora Dunn,tt0120188
Nora Dunn,tt0157503
Tim Meadows,tt0213790
Tim Meadows,tt0377092
Tim Meadows,tt11394158
Tim Meadows,tt10740136
Tim Meadows,tt10863916
Tim Meadows,tt0357577
Tim Meadows,\N
Tim Meadows,tt3960412
Tim Meadows,tt0444631
Tim Meadows,tt14016930
Tim Meadows,tt13743066
Tim Meadows,tt0841046
Kevin Nealon,tt0439100
Kevin Nealon,tt0116483
Kevin Nealon,tt0120888
Kevin Nealon,tt0072562
David Spade,tt0437863
David Spade,tt0120917
David Spade,tt0245686
David Spade,tt0114694
Fred Armisen,tt1282140
Fred Armisen,tt1780441
Fred Armisen,tt0072562
Fred Armisen,tt0357413
Peter Aykroyd,tt0095687
Peter Aykroyd,tt0090056
Peter Aykroyd,tt0102558
Peter Aykroyd,tt0106598
Morwenna Banks,tt0466664
Morwenna Banks,tt5839960
Morwenna Banks,tt2245003
Morwenna Banks,tt0760141
Jim Breuer,tt0120913
Jim Breuer,tt0144168
Jim Breuer,tt1222817
Jim Breuer,tt0120693
A. Whitney Brown,tt0166039
A. Whitney Brown,tt0096708
A. Whitney Brown,tt0072562
A. Whitney Brown,tt1094991
Beth Cahill,tt0164930
Beth Cahill,tt0262411
Beth Cahill,tt0072562
Beth Cahill,tt0155764
Ellen Cleghorne,tt0120591
Ellen Cleghorne,tt2126357
Ellen Cleghorne,tt0200550
Ellen Cleghorne,tt0185431
George Coe,tt0092666
George Coe,tt1399103
George Coe,tt0073747
George Coe,tt0089901
Pete Davidson,tt5304992
Pete Davidson,tt9686708
Pete Davidson,tt6806604
Pete Davidson,tt6334354
Pete Davidson,tt3513388
Pete Davidson,tt0800325
Pete Davidson,tt1598822
Pete Davidson,tt4677934
Pete Davidson,tt0072562
Tom Davis,tt0830515
Tom Davis,tt13998382
Tom Davis,tt1972591
Tom Davis,tt9822404
Tom Davis,tt1020913
Tom Davis,tt7689318
Tom Davis,tt0262152
Tom Davis,tt9639868
Tom Davis,tt5295032
Tom Davis,tt7309462
Tom Davis,tt8096690
Tom Davis,tt0803033
Tom Davis,tt0765010
Tom Davis,tt4468740
Tom Davis,tt6063510
Tom Davis,tt5870978
Tom Davis,tt0087998
Tom Davis,tt2802144
Tom Davis,tt3512322
Tom Davis,tt2510894
Tom Davis,tt14855722
Tom Davis,tt0251075
Tom Davis,tt2728770
Tom Davis,tt12649418
Tom Davis,tt1250756
Tom Davis,tt6306064
Tom Davis,tt6142826
Tom Davis,tt1136478
Tom Davis,tt1850339
Tom Davis,tt0106137
Tom Davis,tt0321473
Tom Davis,tt4633694
Tom Davis,tt7252334
Tom Davis,tt1446714
Tom Davis,tt6384192
Tom Davis,tt0123338
Tom Davis,tt11137268
Tom Davis,tt0452625
Tom Davis,tt0295476
Tom Davis,tt3503754
Tom Davis,tt1517228
Tom Davis,tt4742812
Tom Davis,tt3748528
Tom Davis,tt0463970
Tom Davis,tt0106598
Tom Davis,tt10539608
Tom Davis,tt1478338
Tom Davis,tt0081857
Tom Davis,tt5774598
Tom Davis,tt6074820
Tom Davis,tt2828570
Tom Davis,tt8948614
Tom Davis,tt1326139
Tom Davis,tt0496360
Tom Davis,tt1474200
Tom Davis,tt2161907
Tom Davis,tt4673856
Tom Davis,tt2787132
Tom Davis,tt5631298
Tom Davis,tt0494235
Tom Davis,tt0458339
Tom Davis,tt0118632
Tom Davis,tt3970482
Tom Davis,tt4276112
Tom Davis,tt10607616
Tom Davis,tt0439911
Tom Davis,tt5631362
Tom Davis,tt0120241
Tom Davis,tt0349903
Tom Davis,tt5993092
Tom Davis,tt2527336
Tom Davis,tt0189246
Tom Davis,tt0086465
Tom Davis,tt2062966
Tom Davis,tt7638698
Tom Davis,tt4158096
Tom Davis,tt13471320
Tom Davis,tt0086192
Tom Davis,tt13682176
Tom Davis,tt1215983
Tom Davis,tt2288153
Tom Davis,tt1272878
Tom Davis,tt0294941
Tom Davis,tt0816711
Tom Davis,tt3793204
Tom Davis,tt4624424
Tom Davis,tt0128707
Tom Davis,tt0072562
Tom Davis,tt5220122
Tom Davis,tt1608290
Tom Davis,tt0359950
Tom Davis,tt0789775
Tom Davis,tt0095408
Tom Davis,tt0770745
Tom Davis,tt0457572
Tom Davis,tt1571249
Tom Davis,tt0100613
Tom Davis,tt0882741
Tom Davis,tt0787424
Tom Davis,tt0124718
Tom Davis,tt0133302
Denny Dillon,tt0076666
Denny Dillon,tt0098780
Denny Dillon,tt0475276
Denny Dillon,tt0268380
Brian Doyle-Murray,tt0105793
Brian Doyle-Murray,tt0080487
Brian Doyle-Murray,tt0097958
Brian Doyle-Murray,tt0102138
Rachel Dratch,tt1564367
Rachel Dratch,tt8169446
Rachel Dratch,tt0389860
Rachel Dratch,tt0814331
Robin Duke,tt0075578
Robin Duke,tt0107048
Robin Duke,tt0072562
Robin Duke,tt0117108
Dean Edwards,tt0413300
Dean Edwards,tt0450852
Dean Edwards,tt13645690
Dean Edwards,tt11993098
Dean Edwards,tt0354333
Dean Edwards,tt3644198
Dean Edwards,tt1529670
Dean Edwards,tt5896628
Dean Edwards,tt14773254
Dean Edwards,tt6186672
Dean Edwards,tt2551436
Dean Edwards,tt0298674
Dean Edwards,tt0482481
Dean Edwards,tt1442550
Dean Edwards,tt0122905
Dean Edwards,tt0258476
Dean Edwards,tt2784678
Dean Edwards,tt1565436
Dean Edwards,tt1165357
Dean Edwards,tt0421143
Dean Edwards,tt12058768
Dean Edwards,tt1111291
Dean Edwards,tt0910898
Dean Edwards,tt6166222
Chris Elliott,tt1813516
Chris Elliott,tt3513388
Chris Elliott,tt0972846
Chris Elliott,tt3765728
Chris Elliott,tt1167638
Chris Elliott,tt0338616
Chris Elliott,tt8386350
Chris Elliott,tt1972591
Chris Elliott,tt7233816
Chris Elliott,tt0262152
Chris Elliott,tt0103873
Chris Elliott,tt1551638
Chris Elliott,tt0107822
Chris Elliott,tt6261554
Chris Elliott,tt6264596
Chris Elliott,tt0203009
Chris Elliott,tt0096754
Chris Elliott,tt0110311
Chris Elliott,tt0118661
Chris Elliott,tt0072562
Chris Elliott,tt6185624
Chris Elliott,tt0222820
Chris Elliott,tt2423776
Chris Elliott,tt0120662
Chris Elliott,tt1242542
Chris Elliott,tt1493151
Chris Elliott,tt5124078
Chris Elliott,tt3471592
Chris Elliott,tt0399977
Chris Elliott,tt0861343
Chris Elliott,tt0829176
Chris Elliott,tt0412109
Chris Elliott,tt3449744
Chris Elliott,tt13026762
Chris Elliott,tt0129387
Chris Elliott,tt4203440
Chris Elliott,tt1598822
Chris Elliott,tt0834001
Chris Elliott,tt0107048
Chris Elliott,\N
Chris Elliott,tt4677934
Chris Elliott,tt0109361
Jimmy Fallon,tt3444938
Jimmy Fallon,tt0332047
Jimmy Fallon,tt0316732
Jimmy Fallon,tt1231460
Jimmy Fallon,tt6133466
Tina Fey,tt0377092
Tina Fey,tt1279935
Tina Fey,tt0496424
Tina Fey,tt1850457
Will Forte,tt1470023
Will Forte,tt1821549
Will Forte,tt3230454
Will Forte,tt1490017
Al Franken,tt0086465
Al Franken,tt0368008
Al Franken,tt0114571
Al Franken,tt0072562
Ana Gasteyer,tt0207201
Ana Gasteyer,tt1232200
Ana Gasteyer,tt4366830
Ana Gasteyer,tt0377092
Gilbert Gottfried,tt0092644
Gilbert Gottfried,tt0098987
Gilbert Gottfried,tt0100419
Gilbert Gottfried,tt0103639
Mary Gross,tt0423652
Mary Gross,tt0120791
Mary Gross,tt0094846
Mary Gross,tt0243736
Mary Gross,tt0072562
Bill Hader,tt7349950
Bill Hader,tt3152624
Bill Hader,tt2096673
Bill Hader,tt1571249
Brad Hall,tt0109830
Brad Hall,tt0101055
Brad Hall,tt12747694
Brad Hall,tt0120623
Brad Hall,tt1554356
Brad Hall,tt5173520
Brad Hall,tt13639450
Brad Hall,tt6738058
Brad Hall,tt0294941
Brad Hall,tt0122827
Brad Hall,tt0120829
Brad Hall,tt0400410
Brad Hall,tt1442550
Brad Hall,tt2468756
Brad Hall,tt0121946
Brad Hall,tt8793210
Brad Hall,tt0800142
Brad Hall,tt6388738
Brad Hall,tt0939564
Brad Hall,tt2953902
Brad Hall,tt8106790
Brad Hall,tt2080359
Brad Hall,tt0120399
Brad Hall,tt2953706
Brad Hall,tt3162968
Rich Hall,tt7286604
Rich Hall,tt2369573
Rich Hall,tt0861361
Rich Hall,tt0357577
Rich Hall,tt1517640
Rich Hall,tt1330618
Rich Hall,tt1542770
Rich Hall,tt3790306
Rich Hall,tt8364112
Rich Hall,tt1430607
Rich Hall,tt3906560
Rich Hall,tt0072562
Rich Hall,tt0108709
Rich Hall,tt0325939
Rich Hall,tt0146386
Rich Hall,tt0444631
Rich Hall,tt1650554
Rich Hall,tt0085065
Darrell Hammond,tt0799949
Darrell Hammond,tt0306047
Darrell Hammond,tt0072562
Darrell Hammond,tt0118747
Phil Hartman,tt4828104
Phil Hartman,tt2417108
Phil Hartman,tt0116705
Phil Hartman,tt7286456
Phil Hartman,tt4701488
Phil Hartman,tt5884792
Phil Hartman,tt0844479
Phil Hartman,tt0409182
Phil Hartman,tt0122718
Phil Hartman,tt3960412
Phil Hartman,tt4662448
Phil Hartman,tt0112095
Phil Hartman,tt5298646
Phil Hartman,tt0072562
Phil Hartman,tt0108174
Jan Hooks,tt0115082
Jan Hooks,tt0089791
Jan Hooks,tt0103776
Jan Hooks,tt0106598
Yvonne Hudson,tt2033480
Yvonne Hudson,tt3526474
Yvonne Hudson,tt0277167
Yvonne Hudson,tt2355949
Yvonne Hudson,tt2142935
Yvonne Hudson,tt0072562
Yvonne Hudson,tt2156935
Melanie Hutsell,tt1478338
Melanie Hutsell,tt2191701
Melanie Hutsell,tt0072562
Melanie Hutsell,tt4789300
Victoria Jackson,tt6769236
Victoria Jackson,tt1334555
Victoria Jackson,tt1716744
Victoria Jackson,tt6932494
Victoria Jackson,tt10483744
Victoria Jackson,tt0455841
Victoria Jackson,tt3172618
Victoria Jackson,tt5295032
Victoria Jackson,tt0217061
Victoria Jackson,tt15659704
Victoria Jackson,tt1448500
Victoria Jackson,tt4906964
Victoria Jackson,tt7498020
Victoria Jackson,tt1394227
Victoria Jackson,tt0098546
Victoria Jackson,tt0383760
Victoria Jackson,tt0099819
Victoria Jackson,tt15714650
Victoria Jackson,tt14236360
Victoria Jackson,tt14855722
Victoria Jackson,tt5941780
Victoria Jackson,tt2307673
Victoria Jackson,tt0094846
Victoria Jackson,tt0124718
Victoria Jackson,tt14894996
Leslie Jones,tt0031055
Leslie Jones,tt0773756
Leslie Jones,tt0093204
Leslie Jones,tt3856408
Leslie Jones,tt6802400
Leslie Jones,tt0180073
Leslie Jones,tt0120901
Leslie Jones,tt0116442
Leslie Jones,tt0354333
Leslie Jones,tt0120863
Leslie Jones,tt4568496
Leslie Jones,tt1957867
Leslie Jones,tt0113492
Leslie Jones,tt6186672
Leslie Jones,tt0297607
Leslie Jones,tt0357577
Leslie Jones,tt2461150
Leslie Jones,tt0120738
Leslie Jones,tt0094643
Leslie Jones,tt7604526
Leslie Jones,tt0204993
Leslie Jones,tt1442550
Leslie Jones,tt0341708
Leslie Jones,tt0072562
Leslie Jones,tt1791528
Leslie Jones,tt6464314
Leslie Jones,tt1608290
Leslie Jones,tt0123965
Leslie Jones,tt0359950
Leslie Jones,tt1575557
Leslie Jones,tt0401003
Leslie Jones,tt3972208
Leslie Jones,tt0444631
Leslie Jones,tt1478338
Leslie Jones,tt0272338
Leslie Jones,tt8579674
Leslie Jones,tt0360255
Leslie Jones,tt1571249
Leslie Jones,tt1535977
Leslie Jones,tt0242733
Leslie Jones,tt0358809
Leslie Jones,tt1565436
Leslie Jones,tt0106179
Leslie Jones,tt1279966
Leslie Jones,tt0104423
Leslie Jones,tt1289401
Leslie Jones,tt4056158
Leslie Jones,tt1560747
Leslie Jones,tt3800692
Leslie Jones,tt2803888
Chris Kattan,tt2479478
Chris Kattan,tt0279493
Chris Kattan,tt0120770
Chris Kattan,tt0185371
Tim Kazurinsky,tt0090583
Tim Kazurinsky,tt0072562
Tim Kazurinsky,tt0082801
Tim Kazurinsky,tt0089822
Laura Kightlinger,tt8324422
Laura Kightlinger,tt0460619
Laura Kightlinger,tt0157246
Laura Kightlinger,tt4116284
Taran Killam,tt4000956
Taran Killam,tt5689068
Taran Killam,tt0072562
Taran Killam,tt2024544
David Koechner,tt1229340
David Koechner,tt0425061
David Koechner,tt0427944
David Koechner,tt0357413
Gary Kroeger,tt0046593
Gary Kroeger,tt0200525
Gary Kroeger,tt0072562
Gary Kroeger,tt0086765
Matthew Laurance,tt0112111
Matthew Laurance,tt0098772
Matthew Laurance,tt0090060
Matthew Laurance,tt0085475
Gail Matthius,tt0162796
Gail Matthius,tt0083530
Gail Matthius,tt0103373
Gail Matthius,tt0072562
Michael McKean,tt0088258
Michael McKean,tt0088930
Michael McKean,tt0310281
Michael McKean,tt3032476
Michael McKean,tt0129910
Mark McKinney,tt3644198
Mark McKinney,tt0387779
Mark McKinney,tt3739110
Mark McKinney,tt0795461
Mark McKinney,tt1159996
Mark McKinney,tt0120770
Mark McKinney,tt2954994
Mark McKinney,tt6225166
Mark McKinney,tt5441646
Mark McKinney,tt4823678
Mark McKinney,tt1216491
Mark McKinney,tt1179069
Mark McKinney,tt0096626
Mark McKinney,tt1731701
Mark McKinney,tt0277370
Mark McKinney,tt6285944
Mark McKinney,tt0107927
Mark McKinney,tt1212450
Kate McKinnon,tt1289401
Kate McKinnon,tt4799050
Kate McKinnon,tt0092225
Kate McKinnon,tt6394270
Kate McKinnon,tt0072562
Laurie Metcalf,tt0114709
Laurie Metcalf,tt0094540
Laurie Metcalf,tt4925292
Laurie Metcalf,tt0120082
Dennis Miller,tt0385463
Dennis Miller,tt0081561
Dennis Miller,tt0119277
Dennis Miller,tt0279429
Dennis Miller,tt0874300
Dennis Miller,tt11993098
Dennis Miller,tt0245686
Dennis Miller,tt2288153
Dennis Miller,tt0846694
Dennis Miller,tt5295032
Dennis Miller,tt0416779
Dennis Miller,tt0081563
Dennis Miller,tt1751105
Dennis Miller,tt0123338
Dennis Miller,tt0135848
Dennis Miller,tt10974848
Dennis Miller,tt3458560
Dennis Miller,tt3503754
Dennis Miller,tt8651594
Dennis Miller,tt4742812
Dennis Miller,tt1275472
Dennis Miller,tt0226416
Dennis Miller,tt1608290
Dennis Miller,tt0189246
Dennis Miller,tt0359950
Dennis Miller,tt0117826
Dennis Miller,tt3529198
Dennis Miller,tt2114006
Dennis Miller,tt3471592
Dennis Miller,tt1478338
Dennis Miller,tt0081857
Dennis Miller,tt0113957
Dennis Miller,tt5774598
Dennis Miller,tt1571249
Dennis Miller,tt0072792
Dennis Miller,tt0325502
Dennis Miller,tt0829176
Dennis Miller,tt2828570
Dennis Miller,tt0108709
Dennis Miller,tt2161907
Dennis Miller,tt2866916
Dennis Miller,tt0119731
Jerry Minor,tt0323633
Jerry Minor,tt0817538
Jerry Minor,tt0357413
Jerry Minor,tt0401003
Jerry Minor,tt2463288
Tracy Morgan,tt0074621
Tracy Morgan,tt0100332
Tracy Morgan,tt2147467
Tracy Morgan,tt0069098
Tracy Morgan,tt0496424
Tracy Morgan,tt3032476
Tracy Morgan,tt3644198
Tracy Morgan,tt0475290
Tracy Morgan,tt0063892
Tracy Morgan,tt0426592
Tracy Morgan,tt0072562
Tracy Morgan,tt1385867
Tracy Morgan,tt0068892
Tracy Morgan,tt7528072
Tracy Morgan,tt8036272
Tracy Morgan,tt7587656
Tracy Morgan,tt1887882
Tracy Morgan,tt11833964
Tracy Morgan,tt0074377
Tracy Morgan,tt0787474
Tracy Morgan,tt1173421
Garrett Morris,tt0278488
Garrett Morris,tt0478970
Garrett Morris,tt0072562
Garrett Morris,tt0106598
Laraine Newman,tt0102719
Laraine Newman,tt0120669
Laraine Newman,tt0116705
Laraine Newman,tt0106598
Don Novello,tt0099674
Don Novello,tt0230011
Don Novello,tt0112642
Don Novello,tt0072562
Mike O'Brien,tt0120841
Mike O'Brien,tt3906560
Mike O'Brien,tt5295032
Mike O'Brien,tt2998406
Mike O'Brien,tt1636331
Mike O'Brien,tt0159876
Mike O'Brien,tt0181269
Mike O'Brien,tt0112193
Mike O'Brien,tt8554874
Mike O'Brien,tt2033480
Mike O'Brien,tt4475006
Mike O'Brien,tt0360255
Mike O'Brien,tt0094834
Mike O'Brien,tt0401759
Mike O'Brien,tt1170243
Mike O'Brien,tt1159996
Mike O'Brien,tt0470023
Mike O'Brien,tt6157660
Mike O'Brien,tt0949671
Mike O'Brien,tt9248866
Mike O'Brien,tt2719804
Mike O'Brien,tt3856408
Mike O'Brien,tt0494864
Mike O'Brien,tt0340434
Mike O'Brien,tt0217061
Mike O'Brien,tt14643040
Mike O'Brien,tt5352578
Mike O'Brien,tt0335620
Mike O'Brien,tt9883024
Mike O'Brien,tt9090184
Mike O'Brien,tt3783812
Mike O'Brien,tt7498020
Mike O'Brien,tt2300919
Mike O'Brien,tt1107855
Mike O'Brien,tt3503754
Mike O'Brien,tt4742812
Mike O'Brien,tt0368107
Mike O'Brien,tt0110939
Mike O'Brien,tt4229954
Mike O'Brien,tt1366945
Mike O'Brien,tt11599804
Mike O'Brien,tt12661304
Mike O'Brien,tt0109021
Mike O'Brien,tt1478338
Mike O'Brien,tt5774598
Mike O'Brien,tt0358809
Mike O'Brien,tt2828570
Mike O'Brien,tt0398291
Mike O'Brien,tt9734382
Mike O'Brien,tt1326172
Mike O'Brien,tt1885305
Mike O'Brien,tt1493558
Mike O'Brien,tt1716744
Mike O'Brien,tt2043951
Mike O'Brien,tt0457433
Mike O'Brien,tt0117652
Mike O'Brien,tt4568496
Mike O'Brien,tt1448500
Mike O'Brien,tt0297607
Mike O'Brien,tt0238303
Mike O'Brien,tt2182211
Mike O'Brien,tt0153362
Mike O'Brien,tt0396362
Mike O'Brien,tt0127341
Mike O'Brien,tt2423776
Mike O'Brien,tt3562462
Mike O'Brien,tt1100051
Mike O'Brien,tt1095174
Mike O'Brien,tt3972208
Mike O'Brien,tt7528072
Mike O'Brien,tt11348726
Mike O'Brien,tt7119506
Mike O'Brien,tt1535977
Mike O'Brien,tt0433400
Mike O'Brien,tt1357005
Mike O'Brien,tt15669416
Mike O'Brien,tt1434435
Mike O'Brien,tt0104512
Mike O'Brien,tt1636189
Mike O'Brien,tt7493170
Mike O'Brien,tt1730767
Mike O'Brien,tt1584933
Mike O'Brien,tt0775529
Mike O'Brien,tt0238304
Mike O'Brien,tt2625536
Mike O'Brien,tt11394180
Mike O'Brien,tt0294941
Mike O'Brien,tt4397866
Mike O'Brien,tt4977374
Mike O'Brien,tt2247021
Mike O'Brien,tt0238305
Mike O'Brien,tt5542640
Mike O'Brien,tt0281438
Mike O'Brien,tt2142935
Mike O'Brien,tt1387418
Mike O'Brien,tt2156935
Mike O'Brien,tt1608290
Mike O'Brien,tt1193138
Mike O'Brien,tt0359950
Mike O'Brien,tt0051297
Mike O'Brien,tt0313038
Mike O'Brien,tt0464041
Mike O'Brien,tt1571249
Mike O'Brien,tt3526474
Mike O'Brien,tt2347497
Michael O'Donoghue,tt5442834
Michael O'Donoghue,tt0096061
Michael O'Donoghue,tt6137590
Michael O'Donoghue,tt0084264
Michael O'Donoghue,tt1715425
Michael O'Donoghue,tt1811323
Michael O'Donoghue,tt1626811
Michael O'Donoghue,tt15488832
Michael O'Donoghue,tt7615118
Michael O'Donoghue,tt0115355
Michael O'Donoghue,tt8526284
Michael O'Donoghue,tt0072562
Michael O'Donoghue,tt5880050
Michael O'Donoghue,tt2798906
Michael O'Donoghue,tt1642373
Michael O'Donoghue,tt0120801
Michael O'Donoghue,tt0840371
Michael O'Donoghue,tt7465694
Michael O'Donoghue,tt2790152
Michael O'Donoghue,tt0079522
Michael O'Donoghue,tt0079583
Michael O'Donoghue,tt12003714
Michael O'Donoghue,tt2790032
Michael O'Donoghue,tt0133302
Michael O'Donoghue,tt0099566
Cheri Oteri,tt0405336
Cheri Oteri,tt0141369
Cheri Oteri,tt0175142
Cheri Oteri,tt0119528
Chris Parnell,tt2861424
Chris Parnell,tt0343316
Chris Parnell,tt7309462
Chris Parnell,tt12747694
Chris Parnell,tt0357413
Chris Parnell,tt3402362
Chris Parnell,tt13639450
Chris Parnell,tt0115367
Chris Parnell,tt7396544
Chris Parnell,tt1232829
Chris Parnell,tt0265736
Chris Parnell,tt0841046
Chris Parnell,tt1020109
Joe Piscopo,tt0092226
Joe Piscopo,tt0087507
Joe Piscopo,tt7604526
Joe Piscopo,\N
Joe Piscopo,tt0094961
Joe Piscopo,tt0072562
Amy Poehler,tt2096673
Amy Poehler,tt1266020
Amy Poehler,tt0871426
Amy Poehler,tt0072562
Emily Prager,tt0094674
Emily Prager,tt1708468
Emily Prager,tt0079583
Emily Prager,tt0059992
Emily Prager,tt0048860
Emily Prager,\N
Colin Quinn,tt1375670
Colin Quinn,tt3948764
Colin Quinn,tt8819940
Colin Quinn,tt0120770
Colin Quinn,tt16589596
Colin Quinn,tt3152624
Colin Quinn,\N
Colin Quinn,tt14779558
Colin Quinn,tt3314416
Colin Quinn,tt7587656
Gilda Radner,tt0070290
Gilda Radner,tt0091178
Gilda Radner,tt0084049
Gilda Radner,tt0072562
Tony Rosato,tt0075578
Tony Rosato,tt0207701
Tony Rosato,tt0117593
Tony Rosato,tt0088582
Jeff Richards,tt4687632
Jeff Richards,tt0076598
Jeff Richards,tt0380060
Jeff Richards,tt2671586
Jeff Richards,tt0904115
Jeff Richards,tt1877853
Jeff Richards,tt6512646
Jeff Richards,tt0120800
Jeff Richards,tt0162349
Jeff Richards,tt0368257
Jeff Richards,tt0393274
Jeff Richards,tt3458560
Jeff Richards,tt11940818
Jeff Richards,tt0047472
Jeff Richards,tt0050327
Jeff Richards,tt3218622
Jeff Richards,tt3696804
Jeff Richards,tt0072562
Jeff Richards,tt3859146
Jeff Richards,tt0094449
Jeff Richards,tt1608290
Jeff Richards,tt0052932
Jeff Richards,tt0359950
Jeff Richards,tt11011652
Jeff Richards,tt0468999
Jeff Richards,tt1505388
Jeff Richards,tt0090631
Jeff Richards,tt1478338
Jeff Richards,tt5648234
Jeff Richards,tt0072265
Jeff Richards,tt4780202
Jeff Richards,tt1571249
Jeff Richards,tt3872944
Jeff Richards,tt2378652
Jeff Richards,tt0087348
Jeff Richards,tt3650844
Jeff Richards,tt0759475
Jeff Richards,tt0104254
Jeff Richards,tt0111333
Jeff Richards,tt0116783
Jeff Richards,tt1587314
Jeff Richards,tt0049578
Jeff Richards,tt0076781
Ann Risley,tt0081554
Ann Risley,tt0082525
Ann Risley,tt0081518
Ann Risley,tt0072562
Tim Robinson,tt0497043
Tim Robinson,tt1462856
Tim Robinson,tt10505762
Tim Robinson,tt1664843
Tim Robinson,tt12747694
Tim Robinson,tt1857742
Tim Robinson,tt4779762
Tim Robinson,tt5786442
Tim Robinson,tt2826134
Tim Robinson,tt0803030
Tim Robinson,tt2582038
Tim Robinson,tt4661598
Tim Robinson,tt13639450
Tim Robinson,tt10050772
Tim Robinson,tt1112661
Tim Robinson,tt18546600
Tim Robinson,tt0335620
Tim Robinson,tt4698684
Tim Robinson,tt1715425
Tim Robinson,tt0105986
Tim Robinson,tt0818620
Tim Robinson,tt0483776
Tim Robinson,tt6168110
Tim Robinson,tt9090184
Tim Robinson,tt0294941
Tim Robinson,tt6343706
Tim Robinson,tt6227116
Tim Robinson,tt3558296
Tim Robinson,tt0484257
Tim Robinson,tt0968732
Tim Robinson,tt0112193
Tim Robinson,tt7525600
Tim Robinson,tt0072562
Tim Robinson,tt0396362
Tim Robinson,tt14435296
Tim Robinson,tt1309181
Tim Robinson,tt0427848
Tim Robinson,tt1462862
Tim Robinson,tt0124932
Tim Robinson,tt0389911
Tim Robinson,tt0758745
Tim Robinson,tt1507979
Tim Robinson,tt0199257
Tim Robinson,tt1663232
Tim Robinson,tt1708468
Tim Robinson,tt1777032
Tim Robinson,tt0382382
Tim Robinson,tt7525638
Tim Robinson,tt8909538
Tim Robinson,tt4504130
Tim Robinson,tt4502270
Tim Robinson,tt0443334
Tim Robinson,tt3790306
Tim Robinson,tt4049528
Tim Robinson,tt0834001
Tim Robinson,tt8909686
Tim Robinson,tt0088591
Tim Robinson,tt2275949
Tim Robinson,tt6391108
Tim Robinson,tt0083731
Tim Robinson,tt2421910
Tim Robinson,tt0775402
Harry Shearer,tt0310281
Harry Shearer,tt0088258
Harry Shearer,tt0096697
Harry Shearer,tt0120382
Charles Rocket,tt0108122
Charles Rocket,tt0120913
Charles Rocket,tt0099348
Charles Rocket,tt0109686
Maya Rudolph,tt1478338
Maya Rudolph,tt1791528
Maya Rudolph,tt1727388
Maya Rudolph,tt1176740
Horatio Sanz,tt0215129
Horatio Sanz,tt1045778
Horatio Sanz,tt0285462
Horatio Sanz,tt1920849
Tom Schiller,tt0304046
Tom Schiller,tt3677742
Tom Schiller,tt9068272
Tom Schiller,tt0087817
Tom Schiller,tt0072562
Paul Shaffer,tt4537842
Paul Shaffer,tt0118747
Paul Shaffer,tt0088258
Paul Shaffer,tt0119282
Molly Shannon,tt0362120
Molly Shannon,tt4158876
Molly Shannon,tt3675186
Molly Shannon,tt0362542
Molly Shannon,tt0151738
Molly Shannon,tt0167427
Sarah Silverman,tt0332379
Sarah Silverman,tt5848272
Sarah Silverman,tt1772341
Sarah Silverman,tt0821375
Robert Smigel,tt0106052
Robert Smigel,tt0272338
Robert Smigel,tt0072562
Robert Smigel,tt0185431
Pamela Stephenson,tt0086393
Pamela Stephenson,tt0082517
Pamela Stephenson,tt0080253
Pamela Stephenson,tt0199218
Jason Sudeikis,tt1499658
Jason Sudeikis,tt10986410
Jason Sudeikis,tt1723121
Jason Sudeikis,tt4680182
Julia Sweeney,tt10417836
Julia Sweeney,tt0498994
Julia Sweeney,tt8106790
Julia Sweeney,tt8962130
Julia Sweeney,\N
Julia Sweeney,tt2467372
Terry Sweeney,tt0093443
Terry Sweeney,tt0358809
Terry Sweeney,tt0217061
Terry Sweeney,tt0240596
Terry Sweeney,tt1448500
Terry Sweeney,tt0297607
Terry Sweeney,tt0098300
Terry Sweeney,tt2474812
Terry Sweeney,tt7498020
Terry Sweeney,tt2386353
Terry Sweeney,tt2576688
Terry Sweeney,tt1716744
Terry Sweeney,tt3313760
Terry Sweeney,tt3517306
Terry Sweeney,tt0342139
Terry Sweeney,tt0360255
Terry Sweeney,tt4568496
Kenan Thompson,tt0119215
Kenan Thompson,tt0115231
Kenan Thompson,tt0417148
Kenan Thompson,tt0072562
Danitra Vance,tt0102174
Danitra Vance,tt0098621
Danitra Vance,tt0102316
Danitra Vance,tt0086759
Dan Vitale,tt1744760
Dan Vitale,tt0086768
Dan Vitale,tt0401003
Dan Vitale,tt0088804
Dan Vitale,tt4656450
Dan Vitale,tt14236360
Dan Vitale,tt5903450
Dan Vitale,tt0072562
Patrick Weathers,tt1741243
Patrick Weathers,tt1996346
Patrick Weathers,tt0094291
Patrick Weathers,tt1790886
Casey Wilson,tt0120611
Casey Wilson,tt0901476
Casey Wilson,tt1565981
Casey Wilson,tt11475900
Casey Wilson,tt1509788
Casey Wilson,tt6083648
Casey Wilson,tt1951191
Casey Wilson,tt6091368
Casey Wilson,tt2267998
Casey Wilson,tt15488832
Casey Wilson,tt0457394
Casey Wilson,tt0107415
Casey Wilson,tt3263490
Casey Wilson,tt0274164
Casey Wilson,tt2382015
Casey Wilson,tt12661304
Casey Wilson,tt2445666
Casey Wilson,tt1982864
Casey Wilson,tt2265215
Casey Wilson,tt1103153
Casey Wilson,tt9748306
Casey Wilson,tt1687906
Casey Wilson,tt0102034
Fred Wolf,tt0115697
Fred Wolf,tt0120654
Fred Wolf,tt0154574
Fred Wolf,tt1032874
Fred Wolf,tt2787132
Fred Wolf,tt3910602
Fred Wolf,tt2191701
Fred Wolf,tt0131613
Fred Wolf,tt0067595
Fred Wolf,tt1972591
Fred Wolf,tt0061421
Fred Wolf,tt0092345
Fred Wolf,tt1136478
Fred Wolf,tt2157952
Fred Wolf,tt10222674
Fred Wolf,tt0072562
Fred Wolf,tt0185431
Alan Zweibel,tt0090459
Alan Zweibel,tt0110687
Alan Zweibel,tt0092925
Alan Zweibel,tt0072562
Seth Meyers,tt3513388
Seth Meyers,tt6528132
Seth Meyers,tt0124932
Seth Meyers,tt1598822
Seth Meyers,tt4677934
Seth Meyers,tt0496571
Seth Meyers,tt0072562
Lauren Holt,tt8937092
Lauren Holt,tt3597448
Lauren Holt,tt1022605
Lauren Holt,tt0294941
Lauren Holt,tt8394996
Lauren Holt,tt3449322
Lauren Holt,tt0815250
Lauren Holt,tt7546290
Lauren Holt,tt0072562
Michaela Watkins,tt1655460
Michaela Watkins,tt1212436
Michaela Watkins,tt1932718
Michaela Watkins,tt2294677
Heidi Gardner,tt10324166
Heidi Gardner,tt5101204
Heidi Gardner,tt4670472
Heidi Gardner,tt4180560
Heidi Gardner,tt12661304
Heidi Gardner,\N
Heidi Gardner,tt5619332
Sarah Sherman,tt4575056
Sarah Sherman,tt3562626
Sarah Sherman,tt10505762
Sarah Sherman,tt9534540
Sarah Sherman,tt3970482
Sarah Sherman,tt14945492
Sarah Sherman,tt14601874
Sarah Sherman,tt1518327
Sarah Sherman,tt7689318
Sarah Sherman,tt15467926
Sarah Sherman,tt1999871
Sarah Sherman,tt8218988
Sarah Sherman,tt8425308
Sarah Sherman,tt2630898
Sarah Sherman,tt5924202
Sarah Sherman,tt6063510
Sarah Sherman,tt3548962
Sarah Sherman,tt3773358
Sarah Sherman,tt2261238
Sarah Sherman,tt6074820
Sarah Sherman,tt2803096
Sarah Sherman,tt3790306
Sarah Sherman,tt1006983
Sarah Sherman,tt9170758
Sarah Sherman,tt3815734
Bobby Moynihan,tt13622982
Bobby Moynihan,tt0072562
Bobby Moynihan,tt10662034
Kristen Wiig,tt1478338
Kristen Wiig,tt0359950
Kristen Wiig,tt1608290
Kristen Wiig,tt1571249
Kyle Mooney,tt3823130
Kyle Mooney,tt1608290
Kyle Mooney,tt18764878
Kyle Mooney,tt2386353
Kyle Mooney,tt3313760
Kyle Mooney,tt2576688
Kyle Mooney,tt5805752
Kyle Mooney,tt3517306
Kyle Mooney,tt15977708
Kyle Mooney,tt2139555
Rob Riggle,tt1232829
Rob Riggle,tt2096672
Rob Riggle,tt0115147
Rob Riggle,tt1119646
Finesse Mitchell,tt0785077
Finesse Mitchell,tt0790804
Finesse Mitchell,tt0072562
Finesse Mitchell,tt0951216
Mikey Day,tt2076347
Mikey Day,tt4000956
Mikey Day,tt0072562
Mikey Day,tt1217217
Andy Samberg,tt9484998
Andy Samberg,tt2467372
Andy Samberg,tt0072562
Andy Samberg,tt3960412
Paul Brittain,tt2510894
Paul Brittain,tt0413660
Paul Brittain,tt2176287
Paul Brittain,tt0837562
Paul Brittain,tt0072562
Nasim Pedrad,tt10338160
Nasim Pedrad,tt6139732
Nasim Pedrad,tt1690953
Nasim Pedrad,tt2490326
Colin Jost,tt1292566
Colin Jost,tt1361336
Colin Jost,tt0072562
Colin Jost,tt6802400
Abby Elliott,tt1291150
Abby Elliott,tt1411238
Abby Elliott,tt1663143
Abby Elliott,tt0072562
John Milhiser,tt5990096
John Milhiser,tt1289401
John Milhiser,tt4061080
John Milhiser,tt0072562
Alex Moffat,tt0112230
Alex Moffat,tt0111999
Alex Moffat,tt5104604
Alex Moffat,tt3219194
Alex Moffat,tt3381008
Alex Moffat,tt5848272
Alex Moffat,tt9866072
Alex Moffat,tt6851750
Alex Moffat,tt1217217
Alex Moffat,tt0362542
Alex Moffat,tt5628302
Alex Moffat,tt2652092
Aristotle Athari,tt9173436
Aristotle Athari,tt5918784
Aristotle Athari,tt7322648
Aristotle Athari,tt5917146
Jenny Slate,tt2709768
Jenny Slate,tt2910274
Jenny Slate,tt4481414
Jenny Slate,tt2948356
Beck Bennett,tt1086064
Beck Bennett,tt7979580
Beck Bennett,tt3470600
Beck Bennett,tt5531466
Vanessa Bayer,tt1711525
Vanessa Bayer,tt2989524
Vanessa Bayer,tt0072562
Vanessa Bayer,tt3152624
Sasheer Zamata,tt4018068
Sasheer Zamata,tt6791096
Sasheer Zamata,tt11394332
Sasheer Zamata,tt4018066
Noël Wells,tt7713450
Noël Wells,tt9184820
Noël Wells,tt6212496
Noël Wells,tt0072562
Luke Null,tt9881938
Luke Null,tt0072562
Luke Null,tt1545490
Luke Null,tt3146066
Melissa Villaseñor,tt5848272
Melissa Villaseñor,tt1809001
Melissa Villaseñor,tt0072562
Melissa Villaseñor,tt10682266
Michael Che,tt12762460
Michael Che,tt0499556
Michael Che,tt2784678
Michael Che,tt0072562
Jay Pharoah,tt7153766
Jay Pharoah,tt1408253
Jay Pharoah,tt0072562
Jay Pharoah,tt5774044
Jon Rudnitsky,tt5719700
Jon Rudnitsky,tt0072562
James Austin Johnson,tt8036272
James Austin Johnson,tt3032476
James Austin Johnson,tt0072562
James Austin Johnson,tt0475290
Chloe Fineman,tt5460226
Chloe Fineman,tt8577458
Chloe Fineman,tt0072562
Chloe Fineman,tt6527474
Ego Nwodim,tt6110318
Ego Nwodim,tt3598030
Ego Nwodim,tt0072562
Ego Nwodim,tt7379494
Brooks Wheelan,tt1600194
Brooks Wheelan,tt5244974
Brooks Wheelan,tt0072562
Brooks Wheelan,tt10050772
Cecily Strong,tt1289401
Cecily Strong,tt2702724
Cecily Strong,tt0072562
Cecily Strong,tt11808942
Aidy Bryant,tt11092142
Aidy Bryant,tt8962130
Aidy Bryant,tt0072562
Aidy Bryant,tt5462602
Chris Redd,tt7286456
Chris Redd,tt5884792
Chris Redd,tt0072562
Chris Redd,tt3960412
Jim Downey,tt3281976
Jim Downey,\N
Jim Downey,tt7396544
Bowen Yang,tt2587452
Bowen Yang,tt2452244
Bowen Yang,tt6078096
Andrew Dismukes,tt6279022
Andrew Dismukes,tt14508698
Andrew Dismukes,tt13858722
Andrew Dismukes,tt0072562
Siobhan Fallon,tt6463510
Punkie Johnson,tt5117666
Punkie Johnson,tt7778796
Punkie Johnson,tt5821764
Punkie Johnson,tt7242698
